listing_id,neighbourhood_group,number_of_reviews,last_review,observed_reviews,first_review,last_review_observed,raw_characters,whitespace_words,nonblank_comments,reviews_within_365_days,eligibility,days_since_last_review,has_detailed_metadata,volume_group,recency_group,geographic_pool,group_id,selection_rule
1633376659923996824,Manchester,3,2026-06-12,3,2026-05-10,2026-06-12,263,44,3,3,eligible_reviewed,17,True,Low: 1-4,Recent: <=365 days,Manchester/Salford,S01,Seeded uniform choice of one from ascending string listing IDs
1639943466139907458,Tameside,1,2026-05-03,1,2026-05-03,2026-05-03,192,31,1,1,eligible_reviewed,57,True,Low: 1-4,Recent: <=365 days,Other eight boroughs,S02,Seeded uniform choice of one from ascending string listing IDs
908313903709894761,Manchester,2,2023-06-12,2,2023-06-11,2023-06-12,625,105,2,0,eligible_reviewed,1113,True,Low: 1-4,Older: >365 days,Manchester/Salford,S03,Seeded uniform choice of one from ascending string listing IDs
1253637362965807207,Bolton,1,2024-09-29,1,2024-09-29,2024-09-29,128,24,1,0,eligible_reviewed,638,True,Low: 1-4,Older: >365 days,Other eight boroughs,S04,Seeded uniform choice of one from ascending string listing IDs
811935840856297078,Manchester,82,2026-06-22,82,2024-08-15,2026-06-22,13128,2364,82,44,eligible_reviewed,7,True,Middle: 5-99,Recent: <=365 days,Manchester/Salford,S05,Seeded uniform choice of one from ascending string listing IDs
1322576000460694635,Trafford,33,2026-06-22,33,2025-02-25,2026-06-22,4838,875,33,27,eligible_reviewed,7,True,Middle: 5-99,Recent: <=365 days,Other eight boroughs,S06,Seeded uniform choice of one from ascending string listing IDs
54070824,Manchester,20,2024-07-17,20,2022-01-12,2024-07-17,3013,511,20,0,eligible_reviewed,712,True,Middle: 5-99,Older: >365 days,Manchester/Salford,S07,Seeded uniform choice of one from ascending string listing IDs
22551754,Tameside,19,2024-06-09,19,2018-03-01,2024-06-09,4365,767,19,0,eligible_reviewed,750,True,Middle: 5-99,Older: >365 days,Other eight boroughs,S08,Seeded uniform choice of one from ascending string listing IDs
30782781,Manchester,4100,2026-06-26,4100,2019-01-05,2026-06-26,637090,108898,4100,732,eligible_reviewed,3,True,Heavy: 100+,Recent: <=365 days,Manchester/Salford,S09,Maximum raw comment characters; ties: ascending string listing ID
20910508,Oldham,1002,2026-06-14,1002,2017-10-22,2026-06-14,271498,47886,1002,96,eligible_reviewed,15,True,Heavy: 100+,Recent: <=365 days,Other eight boroughs,S10,Maximum raw comment characters; ties: ascending string listing ID
41869315,Manchester,202,2024-10-08,202,2020-02-21,2024-10-08,46837,8398,202,0,eligible_reviewed,629,True,Heavy: 100+,Older: >365 days,Manchester/Salford,S11,Seeded uniform choice of one from ascending string listing IDs
8855792,Trafford,125,2025-02-01,125,2016-07-26,2025-02-01,25379,4574,125,0,eligible_reviewed,513,True,Heavy: 100+,Older: >365 days,Other eight boroughs,S12,Seeded uniform choice of one from ascending string listing IDs
